{
  "dataset": "Cora",
  "num_edges": 20,
  "methods": {
    "FullGraph": {
      "num_samples": 20,
      "mean_fidelity_plus": 0.4,
      "std_fidelity_plus": 0.48989794855663565,
      "mean_fidelity_minus": 0.0,
      "std_fidelity_minus": 0.0,
      "mean_sparsity": 0.0,
      "std_sparsity": 0.0,
      "mean_time": 0.00026274919509887694,
      "mean_explanation_size": 8976.0
    },
    "KHop": {
      "num_samples": 20,
      "mean_fidelity_plus": 0.4,
      "std_fidelity_plus": 0.48989794855663565,
      "mean_fidelity_minus": 0.1,
      "std_fidelity_minus": 0.30000000000000004,
      "mean_sparsity": 0.981283422459893,
      "std_sparsity": 0.024184870110725815,
      "mean_time": 0.0030100464820861815,
      "mean_explanation_size": 340.0
    },
    "Random": {
      "num_samples": 20,
      "mean_fidelity_plus": 0.4,
      "std_fidelity_plus": 0.48989794855663565,
      "mean_fidelity_minus": 0.25,
      "std_fidelity_minus": 0.4330127018922193,
      "mean_sparsity": 0.9906417112299465,
      "std_sparsity": 0.012092435055362914,
      "mean_time": 0.0031415224075317383,
      "mean_explanation_size": 170.0
    },
    "Degree": {
      "num_samples": 20,
      "mean_fidelity_plus": 0.3,
      "std_fidelity_plus": 0.45825756949558394,
      "mean_fidelity_minus": 0.25,
      "std_fidelity_minus": 0.4330127018922193,
      "mean_sparsity": 0.9906417112299465,
      "std_sparsity": 0.012092435055362914,
      "mean_time": 0.003518831729888916,
      "mean_explanation_size": 170.0
    },
    "GreedyDel": {
      "num_samples": 20,
      "mean_fidelity_plus": 0.25,
      "std_fidelity_plus": 0.4330127018922193,
      "mean_fidelity_minus": 0.05,
      "std_fidelity_minus": 0.21794494717703364,
      "mean_sparsity": 0.989254679144385,
      "std_sparsity": 0.02249426389240218,
      "mean_time": 8.884456968307495,
      "mean_explanation_size": 240.0
    },
    "RandomCoarse": {
      "num_samples": 8,
      "mean_fidelity_plus": 0.5,
      "std_fidelity_plus": 0.5,
      "mean_fidelity_minus": 0.5,
      "std_fidelity_minus": 0.5,
      "mean_sparsity": 0.1720142602495544,
      "std_sparsity": 0.26174545055986587,
      "mean_time": 0.03449116812811957,
      "mean_explanation_size": 8320.0
    },
    "HeavyEdge": {
      "num_samples": 14,
      "mean_fidelity_plus": 0.0,
      "std_fidelity_plus": 0.0,
      "mean_fidelity_minus": 0.0,
      "std_fidelity_minus": 0.0,
      "mean_sparsity": 0.023395721925133728,
      "std_sparsity": 0.0,
      "mean_time": 0.028759145736694337,
      "mean_explanation_size": 8766.0
    },
    "EffResist": {
      "num_samples": 8,
      "mean_fidelity_plus": 0.5,
      "std_fidelity_plus": 0.5,
      "mean_fidelity_minus": 0.5,
      "std_fidelity_minus": 0.5,
      "mean_sparsity": 0.4477495543672015,
      "std_sparsity": 0.29083474869183235,
      "mean_time": 0.6679459677802192,
      "mean_explanation_size": 6979.0
    },
    "NoRefine": {
      "num_samples": 20,
      "mean_fidelity_plus": 0.6,
      "std_fidelity_plus": 0.48989794855663565,
      "mean_fidelity_minus": 0.6,
      "std_fidelity_minus": 0.48989794855663565,
      "mean_sparsity": 0.8472593582887701,
      "std_sparsity": 0.0,
      "mean_time": 0.017145586013793946,
      "mean_explanation_size": 1371.0
    },
    "Occlusion": {
      "num_samples": 20,
      "mean_fidelity_plus": 0.4,
      "std_fidelity_plus": 0.48989794855663565,
      "mean_fidelity_minus": 0.5,
      "std_fidelity_minus": 0.5,
      "mean_sparsity": 0.9906417112299465,
      "std_sparsity": 0.012092435055362914,
      "mean_time": 0.1466866135597229,
      "mean_explanation_size": 170.0
    },
    "Saliency": {
      "num_samples": 20,
      "mean_fidelity_plus": 0.4,
      "std_fidelity_plus": 0.48989794855663565,
      "mean_fidelity_minus": 0.5,
      "std_fidelity_minus": 0.5,
      "mean_sparsity": 0.5,
      "std_sparsity": 0.0,
      "mean_time": 0.011786997318267822,
      "mean_explanation_size": 4488.0
    },
    "Ours": {
      "num_samples": 20,
      "mean_fidelity_plus": 0.1,
      "std_fidelity_plus": 0.30000000000000004,
      "mean_fidelity_minus": 0.1,
      "std_fidelity_minus": 0.30000000000000004,
      "mean_sparsity": 0.0873328877005348,
      "std_sparsity": 0.2533088235294117,
      "mean_time": 0.026633751392364503,
      "mean_explanation_size": 8950.0
    }
  },
  "baseline_groups": {
    "trivial": [
      "FullGraph",
      "KHop",
      "Random",
      "Degree"
    ],
    "hard": [
      "GreedyDel"
    ],
    "coarsening": [
      "RandomCoarse",
      "HeavyEdge",
      "EffResist",
      "NoRefine"
    ],
    "gnn": [
      "Occlusion",
      "Saliency"
    ],
    "ours": [
      "Ours"
    ]
  }
}