{
  "dataset": "Cora",
  "num_edges": 50,
  "methods": {
    "Ours": {
      "num_samples": 50,
      "mean_fidelity_plus": 0.36,
      "std_fidelity_plus": 0.48,
      "mean_fidelity_minus": 0.24,
      "std_fidelity_minus": 0.4270831300812525,
      "mean_sparsity": 0.9868538324420676,
      "std_sparsity": 0.016983536019006696,
      "mean_time": 0.15177945613861085,
      "mean_explanation_size": 68.0
    },
    "Occlusion": {
      "num_samples": 50,
      "mean_fidelity_plus": 0.36,
      "std_fidelity_plus": 0.48,
      "mean_fidelity_minus": 0.5,
      "std_fidelity_minus": 0.5,
      "mean_sparsity": 0.9868538324420676,
      "std_sparsity": 0.016983536019006696,
      "mean_time": 0.1830027198791504,
      "mean_explanation_size": 68.0
    },
    "Random": {
      "num_samples": 50,
      "mean_fidelity_plus": 0.28,
      "std_fidelity_plus": 0.44899888641287294,
      "mean_fidelity_minus": 0.26,
      "std_fidelity_minus": 0.4386342439892262,
      "mean_sparsity": 0.9868538324420676,
      "std_sparsity": 0.016983536019006696,
      "mean_time": 0.0005085420608520508,
      "mean_explanation_size": 68.0
    },
    "Saliency": {
      "num_samples": 50,
      "mean_fidelity_plus": 0.36,
      "std_fidelity_plus": 0.48,
      "mean_fidelity_minus": 0.46,
      "std_fidelity_minus": 0.49839743177508455,
      "mean_sparsity": 0.5,
      "std_sparsity": 0.0,
      "mean_time": 0.0027149534225463868,
      "mean_explanation_size": 4488.0
    },
    "FullGraph": {
      "num_samples": 50,
      "mean_fidelity_plus": 0.36,
      "std_fidelity_plus": 0.48,
      "mean_fidelity_minus": 0.0,
      "std_fidelity_minus": 0.0,
      "mean_sparsity": 0.0,
      "std_sparsity": 0.0,
      "mean_time": 7.770538330078125e-05,
      "mean_explanation_size": 8976.0
    },
    "KHop": {
      "num_samples": 50,
      "mean_fidelity_plus": 0.36,
      "std_fidelity_plus": 0.48,
      "mean_fidelity_minus": 0.06,
      "std_fidelity_minus": 0.23748684174075835,
      "mean_sparsity": 0.9737076648841356,
      "std_sparsity": 0.03396707203801339,
      "mean_time": 0.00043303966522216796,
      "mean_explanation_size": 136.0
    },
    "Degree": {
      "num_samples": 50,
      "mean_fidelity_plus": 0.26,
      "std_fidelity_plus": 0.4386342439892262,
      "mean_fidelity_minus": 0.2,
      "std_fidelity_minus": 0.4,
      "mean_sparsity": 0.9868538324420676,
      "std_sparsity": 0.016983536019006696,
      "mean_time": 0.0004863548278808594,
      "mean_explanation_size": 68.0
    }
  },
  "baseline_groups": {
    "trivial": [
      "FullGraph",
      "KHop",
      "Random",
      "Degree"
    ],
    "hard": [
      "GreedyDel"
    ],
    "coarsening": [
      "RandomCoarse",
      "HeavyEdge",
      "EffResist",
      "NoRefine"
    ],
    "gnn": [
      "Occlusion",
      "Saliency"
    ],
    "ours": [
      "Ours"
    ]
  }
}