{
  "dataset": "Cora",
  "num_edges": 200,
  "methods": {
    "Ours": {
      "num_samples": 200,
      "mean_fidelity_plus": 0.415,
      "std_fidelity_plus": 0.49272203116970525,
      "mean_fidelity_minus": 0.255,
      "std_fidelity_minus": 0.43586121644395015,
      "mean_sparsity": 0.9860806595365418,
      "std_sparsity": 0.01628109397179833,
      "mean_time": 0.034665374755859374,
      "mean_explanation_size": 289.0
    },
    "Random": {
      "num_samples": 200,
      "mean_fidelity_plus": 0.21,
      "std_fidelity_plus": 0.40730823708832603,
      "mean_fidelity_minus": 0.16,
      "std_fidelity_minus": 0.36660605559646714,
      "mean_sparsity": 0.9860806595365418,
      "std_sparsity": 0.01628109397179833,
      "mean_time": 0.0004824161529541016,
      "mean_explanation_size": 289.0
    },
    "Saliency": {
      "num_samples": 200,
      "mean_fidelity_plus": 0.355,
      "std_fidelity_plus": 0.4785133226985431,
      "mean_fidelity_minus": 0.39,
      "std_fidelity_minus": 0.4877499359302879,
      "mean_sparsity": 0.5,
      "std_sparsity": 0.0,
      "mean_time": 0.002861442565917969,
      "mean_explanation_size": 4488.0
    },
    "FullGraph": {
      "num_samples": 200,
      "mean_fidelity_plus": 0.355,
      "std_fidelity_plus": 0.4785133226985431,
      "mean_fidelity_minus": 0.0,
      "std_fidelity_minus": 0.0,
      "mean_sparsity": 0.0,
      "std_sparsity": 0.0,
      "mean_time": 7.776856422424316e-05,
      "mean_explanation_size": 8976.0
    },
    "KHop": {
      "num_samples": 200,
      "mean_fidelity_plus": 0.355,
      "std_fidelity_plus": 0.4785133226985431,
      "mean_fidelity_minus": 0.055,
      "std_fidelity_minus": 0.22798026230356,
      "mean_sparsity": 0.9721613190730838,
      "std_sparsity": 0.03256218794359666,
      "mean_time": 0.00042769432067871096,
      "mean_explanation_size": 578.0
    },
    "Degree": {
      "num_samples": 200,
      "mean_fidelity_plus": 0.235,
      "std_fidelity_plus": 0.4239988207530771,
      "mean_fidelity_minus": 0.195,
      "std_fidelity_minus": 0.3962007067131506,
      "mean_sparsity": 0.9860806595365418,
      "std_sparsity": 0.01628109397179833,
      "mean_time": 0.0004828512668609619,
      "mean_explanation_size": 289.0
    }
  },
  "baseline_groups": {
    "trivial": [
      "FullGraph",
      "KHop",
      "Random",
      "Degree"
    ],
    "hard": [
      "GreedyDel"
    ],
    "coarsening": [
      "RandomCoarse",
      "HeavyEdge",
      "EffResist",
      "NoRefine"
    ],
    "gnn": [
      "Occlusion",
      "Saliency"
    ],
    "ours": [
      "Ours"
    ]
  }
}