{
  "dataset": "Cora",
  "metrics": [
    "sufficiency",
    "necessity",
    "comprehensiveness",
    "sparsity",
    "sparsity_abs_edges",
    "deletion_auc",
    "insertion_auc"
  ],
  "results": {
    "Ours": {
      "num_samples": 20,
      "mean_time": 0.03537466526031494,
      "sufficiency": {
        "mean": 0.06913419701159,
        "std": 0.19383358582658092,
        "min": 0.0,
        "max": 0.8341299891471863
      },
      "necessity": {
        "mean": -0.06913416683673859,
        "std": 0.19383359658897314,
        "min": -0.8341299891471863,
        "max": 1.1920928955078125e-07
      },
      "comprehensiveness": {
        "mean": -0.29362394977042305,
        "std": 1.0946015877118955,
        "min": -5.03206859019237,
        "max": 1.502618086623228e-07
      },
      "sparsity": {
        "mean": 126.10648493368717,
        "std": 101.64686589067412,
        "min": 10.914634146341463,
        "max": 372.9166666666667
      },
      "sparsity_abs_edges": {
        "mean": 8192.1,
        "std": 2273.7,
        "min": 1371.0,
        "max": 8950.0
      },
      "deletion_auc": {
        "mean": -0.034291809183001475,
        "std": 0.22055671882736178,
        "min": -0.3747799440831278,
        "max": 0.49970484915156155
      },
      "insertion_auc": {
        "mean": 0.5768759038850735,
        "std": 0.204314771228639,
        "min": 0.2946434606270418,
        "max": 0.99137360748632
      }
    },
    "Occlusion": {
      "num_samples": 20,
      "mean_time": 0.2425455331802368,
      "sufficiency": {
        "mean": 0.21712943743914365,
        "std": 0.18785278319361282,
        "min": 0.03882235288619995,
        "max": 0.7765891365706921
      },
      "necessity": {
        "mean": -0.07879173792898655,
        "std": 0.24125471767160397,
        "min": -0.6486206278204918,
        "max": 0.2353196144104004
      },
      "comprehensiveness": {
        "mean": -1.258433441050914,
        "std": 3.5721790083989173,
        "min": -16.337115334199453,
        "max": 0.32060472359917214
      },
      "sparsity": {
        "mean": 0.5,
        "std": 0.0,
        "min": 0.5,
        "max": 0.5
      },
      "sparsity_abs_edges": {
        "mean": 84.0,
        "std": 108.54169705693752,
        "min": 8.0,
        "max": 410.0
      },
      "deletion_auc": {
        "mean": -0.011115187753017963,
        "std": 0.23137518680569688,
        "min": -0.632337282937815,
        "max": 0.27768570408225063
      },
      "insertion_auc": {
        "mean": 0.6499796167877507,
        "std": 0.09744572096654186,
        "min": 0.3862741947174072,
        "max": 0.8245055136820262
      }
    },
    "Saliency": {
      "num_samples": 20,
      "mean_time": 0.006899702548980713,
      "sufficiency": {
        "mean": 0.20889785028994085,
        "std": 0.17223002708335497,
        "min": 0.03785187005996704,
        "max": 0.6744553074240685
      },
      "necessity": {
        "mean": -0.0777678970247507,
        "std": 0.24250230461082367,
        "min": -0.6486206278204918,
        "max": 0.2353196144104004
      },
      "comprehensiveness": {
        "mean": -1.2570294189040994,
        "std": 3.572789969109328,
        "min": -16.337115334199453,
        "max": 0.32060472359917214
      },
      "sparsity": {
        "mean": 76.9759976963562,
        "std": 67.88091142434844,
        "min": 5.4731707317073175,
        "max": 280.5
      },
      "sparsity_abs_edges": {
        "mean": 4488.0,
        "std": 0.0,
        "min": 4488.0,
        "max": 4488.0
      },
      "deletion_auc": {
        "mean": -0.07581850121029339,
        "std": 0.23642353518945944,
        "min": -0.6323617551311411,
        "max": 0.229420894129391
      },
      "insertion_auc": {
        "mean": 0.6387380946993682,
        "std": 0.07420367994674633,
        "min": 0.5047051872586609,
        "max": 0.7614065673195636
      }
    }
  }
}