{
  "dataset": "PubMed",
  "metrics": [
    "sufficiency",
    "necessity",
    "comprehensiveness",
    "sparsity",
    "sparsity_abs_edges",
    "deletion_auc",
    "insertion_auc"
  ],
  "results": {
    "Occlusion": {
      "num_samples": 20,
      "mean_time": 2.5548488020896913,
      "sufficiency": {
        "mean": 0.17688297876156867,
        "std": 0.13262820597867667,
        "min": 0.018312573432922363,
        "max": 0.5143790440633893
      },
      "necessity": {
        "mean": 0.2081576598342508,
        "std": 0.2589876932241805,
        "min": -0.409110595472157,
        "max": 0.7788831144571304
      },
      "comprehensiveness": {
        "mean": -1.2153522442270865,
        "std": 6.555832954372992,
        "min": -29.771313676647047,
        "max": 0.8978603012841456
      },
      "sparsity": {
        "mean": 0.5,
        "std": 0.0,
        "min": 0.5,
        "max": 0.5
      },
      "sparsity_abs_edges": {
        "mean": 933.35,
        "std": 1025.3609742427298,
        "min": 20.0,
        "max": 3947.0
      },
      "deletion_auc": {
        "mean": 0.24530510046414328,
        "std": 0.25875429892532203,
        "min": -0.37844264886162066,
        "max": 0.6420520893250083
      },
      "insertion_auc": {
        "mean": 0.6434436867740444,
        "std": 0.14599667537025526,
        "min": 0.3870054977340298,
        "max": 0.9548212132489778
      }
    },
    "Saliency": {
      "num_samples": 20,
      "mean_time": 0.006755363941192627,
      "sufficiency": {
        "mean": 0.18709875331260264,
        "std": 0.12907857652481097,
        "min": 0.01764082908630371,
        "max": 0.5302709611132741
      },
      "necessity": {
        "mean": 0.19056867263279856,
        "std": 0.23709608411738986,
        "min": -0.409110595472157,
        "max": 0.5329468548297882
      },
      "comprehensiveness": {
        "mean": -1.2403572350794383,
        "std": 6.548954887311153,
        "min": -29.771313676647047,
        "max": 0.614356396696861
      },
      "sparsity": {
        "mean": 103.72650406090517,
        "std": 198.65505906111488,
        "min": 4.772738788953635,
        "max": 941.9
      },
      "sparsity_abs_edges": {
        "mean": 37676.0,
        "std": 0.0,
        "min": 37676.0,
        "max": 37676.0
      },
      "deletion_auc": {
        "mean": 0.1866304165430586,
        "std": 0.23231390312530806,
        "min": -0.39888174472009286,
        "max": 0.5196217689063977
      },
      "insertion_auc": {
        "mean": 0.6316093214230766,
        "std": 0.15288578529692176,
        "min": 0.3962215213570794,
        "max": 0.9532349531300788
      }
    },
    "GNNExplainer": {
      "num_samples": 20,
      "mean_time": 0.44566524028778076,
      "sufficiency": {
        "mean": 0.07969692857004702,
        "std": 0.07660931476270748,
        "min": 0.008088290691375732,
        "max": 0.3612566590309143
      },
      "necessity": {
        "mean": 0.1905686771031469,
        "std": 0.23709608121784054,
        "min": -0.409110595472157,
        "max": 0.5329468548297882
      },
      "comprehensiveness": {
        "mean": -1.2403572278300377,
        "std": 6.548954888786152,
        "min": -29.771313676647047,
        "max": 0.614356396696861
      },
      "sparsity": {
        "mean": 103.72650406090517,
        "std": 198.65505906111488,
        "min": 4.772738788953635,
        "max": 941.9
      },
      "sparsity_abs_edges": {
        "mean": 37676.0,
        "std": 0.0,
        "min": 37676.0,
        "max": 37676.0
      },
      "deletion_auc": {
        "mean": 0.18685256524210064,
        "std": 0.2285461518810661,
        "min": -0.3779095272052906,
        "max": 0.5196217689063977
      },
      "insertion_auc": {
        "mean": 0.7653319077208132,
        "std": 0.22220862557830234,
        "min": 0.11214438339331267,
        "max": 0.9949818791882707
      }
    },
    "Ours": {
      "num_samples": 20,
      "mean_time": 0.4979318380355835,
      "sufficiency": {
        "mean": 0.20907666184939444,
        "std": 0.17915123529043012,
        "min": 0.011436223983764648,
        "max": 0.5264904201030731
      },
      "necessity": {
        "mean": -0.20907666780985892,
        "std": 0.17915126238334456,
        "min": -0.5264903604984283,
        "max": -0.011436223983764648
      },
      "comprehensiveness": {
        "mean": -2.1718770389077604,
        "std": 8.048526294698576,
        "min": -37.224397166677456,
        "max": -0.011568524217881952
      },
      "sparsity": {
        "mean": 181.46286931681271,
        "std": 395.90144805942197,
        "min": 3.053730642890662,
        "max": 1856.475
      },
      "sparsity_abs_edges": {
        "mean": 62010.2,
        "std": 24497.975009375776,
        "min": 13014.0,
        "max": 74262.0
      },
      "deletion_auc": {
        "mean": 0.09861725080866726,
        "std": 0.09344761652224373,
        "min": -0.06878403720422567,
        "max": 0.29790406684791915
      },
      "insertion_auc": {
        "mean": 0.7525972383102504,
        "std": 0.2044807435334937,
        "min": 0.24401064513487444,
        "max": 0.9930376942644108
      }
    }
  }
}