{
  "dataset": "Citeseer",
  "metrics": [
    "sufficiency",
    "necessity",
    "comprehensiveness",
    "sparsity",
    "sparsity_abs_edges",
    "deletion_auc",
    "insertion_auc"
  ],
  "results": {
    "Occlusion": {
      "num_samples": 18,
      "mean_time": 0.18713845147026908,
      "sufficiency": {
        "mean": 0.09694345460997687,
        "std": 0.0805670416217093,
        "min": 0.000314861536026001,
        "max": 0.2559167742729187
      },
      "necessity": {
        "mean": -0.0002786186006334093,
        "std": 0.10566194471481702,
        "min": -0.16540399193763733,
        "max": 0.2744002938270569
      },
      "comprehensiveness": {
        "mean": -0.06131794825158662,
        "std": 0.23143750859006948,
        "min": -0.6893337552938616,
        "max": 0.3410228181508139
      },
      "sparsity": {
        "mean": 0.5,
        "std": 0.0,
        "min": 0.5,
        "max": 0.5
      },
      "sparsity_abs_edges": {
        "mean": 101.11111111111111,
        "std": 121.25633494969283,
        "min": 1.0,
        "max": 390.0
      },
      "deletion_auc": {
        "mean": 0.03997272626551621,
        "std": 0.11581671303018926,
        "min": -0.14987391978502276,
        "max": 0.2555638700723648
      },
      "insertion_auc": {
        "mean": 0.6564383792311931,
        "std": 0.29744524176755466,
        "min": 0.14644329249858856,
        "max": 0.9744420410638832
      }
    },
    "Saliency": {
      "num_samples": 20,
      "mean_time": 0.005325281620025634,
      "sufficiency": {
        "mean": 0.09639952778816223,
        "std": 0.08412139405119219,
        "min": 0.0,
        "max": 0.2308308482170105
      },
      "necessity": {
        "mean": -0.002672871947288513,
        "std": 0.10101957533871947,
        "min": -0.16540399193763733,
        "max": 0.2744002938270569
      },
      "comprehensiveness": {
        "mean": -0.062285349759810926,
        "std": 0.22163152616500198,
        "min": -0.6893337552938616,
        "max": 0.3410228181508139
      },
      "sparsity": {
        "mean": 225.9738197666373,
        "std": 454.76643165011177,
        "min": 0.0,
        "max": 1935.0
      },
      "sparsity_abs_edges": {
        "mean": 3870.0,
        "std": 0.0,
        "min": 3870.0,
        "max": 3870.0
      },
      "deletion_auc": {
        "mean": -0.0026058774824598363,
        "std": 0.09848756997976323,
        "min": -0.16125820712679734,
        "max": 0.2675226184748864
      },
      "insertion_auc": {
        "mean": 0.5986700862380424,
        "std": 0.3153263845248185,
        "min": 0.1466516773907097,
        "max": 0.9730522448856394
      }
    },
    "GNNExplainer": {
      "num_samples": 20,
      "mean_time": 0.2337122678756714,
      "sufficiency": {
        "mean": 0.0639394350349903,
        "std": 0.05775081132674819,
        "min": 0.0,
        "max": 0.16393828392028809
      },
      "necessity": {
        "mean": -0.002672871947288513,
        "std": 0.10101957533871947,
        "min": -0.16540399193763733,
        "max": 0.2744002938270569
      },
      "comprehensiveness": {
        "mean": -0.062285349759810926,
        "std": 0.22163152616500198,
        "min": -0.6893337552938616,
        "max": 0.3410228181508139
      },
      "sparsity": {
        "mean": 225.9738197666373,
        "std": 454.76643165011177,
        "min": 0.0,
        "max": 1935.0
      },
      "sparsity_abs_edges": {
        "mean": 3870.0,
        "std": 0.0,
        "min": 3870.0,
        "max": 3870.0
      },
      "deletion_auc": {
        "mean": -0.0026058745769259256,
        "std": 0.09848756811209437,
        "min": -0.16125820712679734,
        "max": 0.2675226184748864
      },
      "insertion_auc": {
        "mean": 0.5893249067013423,
        "std": 0.32800559377822924,
        "min": 0.144912715344774,
        "max": 0.9919411894655965
      }
    },
    "Ours": {
      "num_samples": 20,
      "mean_time": 0.02759242057800293,
      "sufficiency": {
        "mean": 1.4901161193847656e-08,
        "std": 2.2598729860936254e-08,
        "min": 0.0,
        "max": 5.960464477539063e-08
      },
      "necessity": {
        "mean": 5.960464477539063e-09,
        "std": 3.507316796761697e-08,
        "min": -5.960464477539063e-08,
        "max": 1.1920928955078125e-07
      },
      "comprehensiveness": {
        "mean": 8.984700173971268e-09,
        "std": 8.390946883371845e-08,
        "min": -2.0439629170621168e-07,
        "max": 1.8277796553136571e-07
      },
      "sparsity": {
        "mean": 197.7949021439291,
        "std": 370.82511959957804,
        "min": 0.0,
        "max": 1653.0
      },
      "sparsity_abs_edges": {
        "mean": 5407.5,
        "std": 2410.257859649046,
        "min": 579.0,
        "max": 6619.0
      },
      "deletion_auc": {
        "mean": -0.023702974017859348,
        "std": 0.06674697944066962,
        "min": -0.1848455762047787,
        "max": 0.06855559352665905
      },
      "insertion_auc": {
        "mean": 0.538032535441821,
        "std": 0.2962940977179912,
        "min": 0.1466085948050022,
        "max": 0.925108186819484
      }
    }
  }
}