{
  "BA-Shapes": {
    "Ours": {
      "precision": 0.16372986654394844,
      "recall": 0.2808333333333334,
      "f1": 0.20685264133456904,
      "mean_fidelity_plus": 0.0,
      "mean_fidelity_minus": 0.0,
      "mean_time": 0.0269315242767334,
      "num_samples": 10,
      "region_precision": 0.5319119201008965,
      "region_recall": 0.8550000000000001,
      "region_f1": 0.6132650796233913
    },
    "Occlusion": {
      "precision": 0.8174891774891775,
      "recall": 0.052500000000000005,
      "f1": 0.09816505223782532,
      "mean_fidelity_plus": 0.0,
      "mean_fidelity_minus": 0.0,
      "mean_time": 0.03717696666717529,
      "num_samples": 10
    },
    "Saliency": {
      "precision": 0.4911757763401738,
      "recall": 0.8008333333333333,
      "f1": 0.6085183144825242,
      "mean_fidelity_plus": 0.0,
      "mean_fidelity_minus": 0.0,
      "mean_time": 0.009043002128601074,
      "num_samples": 10
    }
  },
  "Tree-Cycles": {
    "Ours": {
      "precision": 0.0515625,
      "recall": 0.275,
      "f1": 0.08684210526315789,
      "mean_fidelity_plus": 0.0,
      "mean_fidelity_minus": 0.0,
      "mean_time": 0.010485410690307617,
      "num_samples": 10,
      "region_precision": 0.522706674057434,
      "region_recall": 0.20833333333333334,
      "region_f1": 0.2016673942197989
    },
    "Occlusion": {
      "precision": 0.8049206349206349,
      "recall": 0.04833333333333333,
      "f1": 0.09090903453813323,
      "mean_fidelity_plus": 0.0,
      "mean_fidelity_minus": 0.0,
      "mean_time": 0.0368800163269043,
      "num_samples": 10
    },
    "Saliency": {
      "precision": 0.16241697506214098,
      "recall": 0.8566666666666667,
      "f1": 0.27306175652009423,
      "mean_fidelity_plus": 0.0,
      "mean_fidelity_minus": 0.0,
      "mean_time": 0.004546260833740235,
      "num_samples": 10
    }
  },
  "Link-Motif": {
    "Ours": {
      "precision": 0.15732368896925858,
      "recall": 0.3411764705882353,
      "f1": 0.21534653465346537,
      "mean_fidelity_plus": 0.0,
      "mean_fidelity_minus": 0.0,
      "mean_time": 0.01004023551940918,
      "num_samples": 10,
      "region_precision": 0.07246376811594203,
      "region_recall": 0.2,
      "region_f1": 0.10638297872340427
    },
    "Occlusion": {
      "precision": 0.8695173453996985,
      "recall": 0.052549019607843125,
      "f1": 0.09908529879123786,
      "mean_fidelity_plus": 0.0,
      "mean_fidelity_minus": 0.0,
      "mean_time": 0.05123202800750733,
      "num_samples": 10
    },
    "Saliency": {
      "precision": 0.13823810912286033,
      "recall": 0.27647058823529413,
      "f1": 0.18394692308452548,
      "mean_fidelity_plus": 0.0,
      "mean_fidelity_minus": 0.0,
      "mean_time": 0.0023028373718261717,
      "num_samples": 10
    }
  }
}