{
  "dataset": "Cora",
  "num_test_edges": 50,
  "seed": 42,
  "budgets": [
    5,
    10,
    20,
    50,
    100,
    200
  ],
  "methods": [
    "CoarsenExplainer",
    "SaliencyExplainer"
  ],
  "results": {
    "5": {
      "n": 50,
      "budget": 5,
      "sufficiency": {
        "ours_mean": 0.19474001079797745,
        "saliency_mean": 0.22849934309720993,
        "ttest_p": 0.005221745185736644,
        "wilcoxon_p": 0.0857934137886982,
        "cohens_d": -0.41349458391042776,
        "ours_wins": true
      },
      "necessity": {
        "ours_mean": 0.0697293196618557,
        "saliency_mean": 0.11127207040786743,
        "ttest_p": 0.03881330942820659,
        "wilcoxon_p": 0.011194250043540422,
        "cohens_d": -0.3002644552178465,
        "ours_wins": false
      },
      "fidelity_plus_continuous": {
        "ours_mean": 0.5631474000215531,
        "saliency_mean": 1.0394309026002884,
        "ttest_p": 8.612296179600998e-07,
        "wilcoxon_p": 1.35512224384434e-06,
        "cohens_d": -0.7963796589253552,
        "ours_wins": false
      },
      "num_components": {
        "ours_mean": 57.48,
        "saliency_mean": 2211.5,
        "ttest_p": 4.615170016945819e-54,
        "wilcoxon_p": 7.544976683806673e-10,
        "cohens_d": -11.567838980868958,
        "ours_wins": true
      },
      "target_connectivity": {
        "ours_target_connected": 0,
        "saliency_target_connected": 8,
        "ours_pct": 0.0,
        "saliency_pct": 0.16
      }
    },
    "10": {
      "n": 50,
      "budget": 10,
      "sufficiency": {
        "ours_mean": 0.19887679129838942,
        "saliency_mean": 0.2197263303399086,
        "ttest_p": 0.06061819605142986,
        "wilcoxon_p": 0.2571237847552261,
        "cohens_d": -0.27160644068244044,
        "ours_wins": true
      },
      "necessity": {
        "ours_mean": 0.0907367917895317,
        "saliency_mean": 0.13685084134340286,
        "ttest_p": 0.1543478053326445,
        "wilcoxon_p": 0.26651383210414115,
        "cohens_d": -0.20459443943734704,
        "ours_wins": false
      },
      "fidelity_plus_continuous": {
        "ours_mean": 0.7422379067540169,
        "saliency_mean": 1.2301295667886734,
        "ttest_p": 0.001562255933742136,
        "wilcoxon_p": 0.0033759232171567516,
        "cohens_d": -0.47374726019558017,
        "ours_wins": false
      },
      "num_components": {
        "ours_mean": 55.56,
        "saliency_mean": 2207.56,
        "ttest_p": 5.262857830093894e-54,
        "wilcoxon_p": 7.553512643873762e-10,
        "cohens_d": -11.536654813856837,
        "ours_wins": true
      },
      "target_connectivity": {
        "ours_target_connected": 7,
        "saliency_target_connected": 12,
        "ours_pct": 0.14,
        "saliency_pct": 0.24
      }
    },
    "20": {
      "n": 50,
      "budget": 20,
      "sufficiency": {
        "ours_mean": 0.19840848475694656,
        "saliency_mean": 0.21146477669477462,
        "ttest_p": 0.206470347315493,
        "wilcoxon_p": 0.4151920088524754,
        "cohens_d": -0.18106058785951343,
        "ours_wins": true
      },
      "necessity": {
        "ours_mean": 0.0692862406373024,
        "saliency_mean": 0.0852528092265129,
        "ttest_p": 0.6285882713971019,
        "wilcoxon_p": 0.49127738001734067,
        "cohens_d": -0.0688403555538007,
        "ours_wins": false
      },
      "fidelity_plus_continuous": {
        "ours_mean": 0.8383696147799492,
        "saliency_mean": 1.2751854503154754,
        "ttest_p": 0.0009305429894294139,
        "wilcoxon_p": 0.00043384170761414477,
        "cohens_d": -0.4984307370380682,
        "ours_wins": false
      },
      "num_components": {
        "ours_mean": 51.32,
        "saliency_mean": 2201.02,
        "ttest_p": 6.285790814522941e-54,
        "wilcoxon_p": 7.550097219539461e-10,
        "cohens_d": -11.494610071842315,
        "ours_wins": true
      },
      "target_connectivity": {
        "ours_target_connected": 14,
        "saliency_target_connected": 23,
        "ours_pct": 0.28,
        "saliency_pct": 0.46
      }
    },
    "50": {
      "n": 50,
      "budget": 50,
      "sufficiency": {
        "ours_mean": 0.19660496205091477,
        "saliency_mean": 0.2024979430437088,
        "ttest_p": 0.5328422088606379,
        "wilcoxon_p": 0.6666519727454681,
        "cohens_d": -0.08882956260252166,
        "ours_wins": true
      },
      "necessity": {
        "ours_mean": 0.10856892853975296,
        "saliency_mean": -0.0019696643948554993,
        "ttest_p": 0.0016452488823638406,
        "wilcoxon_p": 0.004685392963745114,
        "cohens_d": 0.47124653519110543,
        "ours_wins": true
      },
      "fidelity_plus_continuous": {
        "ours_mean": 1.206488352715969,
        "saliency_mean": 1.0255966132879257,
        "ttest_p": 0.26362279751761836,
        "wilcoxon_p": 0.473621825810155,
        "cohens_d": 0.15992639067710512,
        "ours_wins": true
      },
      "num_components": {
        "ours_mean": 41.56,
        "saliency_mean": 2182.84,
        "ttest_p": 6.901816918071051e-54,
        "wilcoxon_p": 7.550097219539461e-10,
        "cohens_d": -11.472539560193168,
        "ours_wins": true
      },
      "target_connectivity": {
        "ours_target_connected": 21,
        "saliency_target_connected": 34,
        "ours_pct": 0.42,
        "saliency_pct": 0.68
      }
    },
    "100": {
      "n": 50,
      "budget": 100,
      "sufficiency": {
        "ours_mean": 0.19500107914209366,
        "saliency_mean": 0.20020799487829208,
        "ttest_p": 0.5825969537382221,
        "wilcoxon_p": 0.6736344940466168,
        "cohens_d": -0.07824363445353301,
        "ours_wins": true
      },
      "necessity": {
        "ours_mean": 0.07522962942719459,
        "saliency_mean": 0.018779071867465972,
        "ttest_p": 0.05977908400110724,
        "wilcoxon_p": 0.01798470015518666,
        "cohens_d": 0.27252941145155773,
        "ours_wins": true
      },
      "fidelity_plus_continuous": {
        "ours_mean": 1.0987551990151405,
        "saliency_mean": 1.1582636481523514,
        "ttest_p": 0.6617632850910102,
        "wilcoxon_p": 0.9710731601319337,
        "cohens_d": -0.062246746213316204,
        "ours_wins": false
      },
      "num_components": {
        "ours_mean": 30.74,
        "saliency_mean": 2154.48,
        "ttest_p": 2.4355970244316196e-54,
        "wilcoxon_p": 7.550097219539461e-10,
        "cohens_d": -11.720801689687933,
        "ours_wins": true
      },
      "target_connectivity": {
        "ours_target_connected": 29,
        "saliency_target_connected": 40,
        "ours_pct": 0.58,
        "saliency_pct": 0.8
      }
    },
    "200": {
      "n": 50,
      "budget": 200,
      "sufficiency": {
        "ours_mean": 0.19336000591516495,
        "saliency_mean": 0.19901984095573425,
        "ttest_p": 0.5425606648445181,
        "wilcoxon_p": 0.645875956795086,
        "cohens_d": -0.08672376395433881,
        "ours_wins": true
      },
      "necessity": {
        "ours_mean": 0.07527314245700836,
        "saliency_mean": 0.011233760714530945,
        "ttest_p": 0.021075304277699363,
        "wilcoxon_p": 0.002745340367502684,
        "cohens_d": 0.3370594255414658,
        "ours_wins": true
      },
      "fidelity_plus_continuous": {
        "ours_mean": 1.135375334918499,
        "saliency_mean": 1.1607432252168655,
        "ttest_p": 0.8441160288134778,
        "wilcoxon_p": 0.8570068005559299,
        "cohens_d": -0.027955664475227526,
        "ours_wins": false
      },
      "num_components": {
        "ours_mean": 17.28,
        "saliency_mean": 2097.4,
        "ttest_p": 7.023315823218375e-56,
        "wilcoxon_p": 7.550097219539461e-10,
        "cohens_d": -12.606418014675025,
        "ours_wins": true
      },
      "target_connectivity": {
        "ours_target_connected": 35,
        "saliency_target_connected": 42,
        "ours_pct": 0.7,