{
  "dataset": "Cora",
  "num_test_edges": 100,
  "seed": 42,
  "budgets": [
    5,
    10,
    20,
    50,
    100,
    200
  ],
  "methods": [
    "CoarsenExplainer",
    "SaliencyExplainer"
  ],
  "results": {
    "5": {
      "n": 100,
      "budget": 5,
      "sufficiency": {
        "ours_mean": 0.1788915841281414,
        "saliency_mean": 0.2118474641442299,
        "ttest_p": 1.192617567461596e-05,
        "wilcoxon_p": 0.00015239041875174687,
        "cohens_d": -0.46123675519872087,
        "ours_wins": true
      },
      "necessity": {
        "ours_mean": 0.0940685985982418,
        "saliency_mean": 0.14289280727505685,
        "ttest_p": 0.00613479289290426,
        "wilcoxon_p": 0.00023456682953046032,
        "cohens_d": -0.2800581656794061,
        "ours_wins": false
      },
      "fidelity_plus_continuous": {
        "ours_mean": 0.6951134452223777,
        "saliency_mean": 1.1365106812864543,
        "ttest_p": 2.5336571892585353e-08,
        "wilcoxon_p": 4.562498699511098e-08,
        "cohens_d": -0.6054775341622488,
        "ours_wins": false
      },
      "num_components": {
        "ours_mean": 45.21,
        "saliency_mean": 2245.14,
        "ttest_p": 2.7618054190261675e-113,
        "wilcoxon_p": 3.8853646391776985e-18,
        "cohens_d": -13.258281398219873,
        "ours_wins": true
      },
      "target_connectivity": {
        "ours_target_connected": 7,
        "saliency_target_connected": 12,
        "ours_pct": 0.07,
        "saliency_pct": 0.12
      }
    },
    "10": {
      "n": 100,
      "budget": 10,
      "sufficiency": {
        "ours_mean": 0.17664359822869302,
        "saliency_mean": 0.2091667777299881,
        "ttest_p": 1.9176583172215177e-05,
        "wilcoxon_p": 0.00012153488985007968,
        "cohens_d": -0.4491470105510116,
        "ours_wins": true
      },
      "necessity": {
        "ours_mean": 0.12187514625489712,
        "saliency_mean": 0.0745940149575472,
        "ttest_p": 0.04586213679599899,
        "wilcoxon_p": 0.044448914690319016,
        "cohens_d": 0.20221162844013932,
        "ours_wins": true
      },
      "fidelity_plus_continuous": {
        "ours_mean": 0.8442098724842072,
        "saliency_mean": 1.1387109725922346,
        "ttest_p": 0.003387629173505619,
        "wilcoxon_p": 0.012018121863210418,
        "cohens_d": -0.300272584688915,
        "ours_wins": false
      },
      "num_components": {
        "ours_mean": 43.36,
        "saliency_mean": 2241.31,
        "ttest_p": 3.5228826406475114e-113,
        "wilcoxon_p": 3.884268712645226e-18,
        "cohens_d": -13.225543729807386,
        "ours_wins": true
      },
      "target_connectivity": {
        "ours_target_connected": 17,
        "saliency_target_connected": 35,
        "ours_pct": 0.17,
        "saliency_pct": 0.35
      }
    },
    "20": {
      "n": 100,
      "budget": 20,
      "sufficiency": {
        "ours_mean": 0.1756293596327305,
        "saliency_mean": 0.20105150789022447,
        "ttest_p": 0.00025312363460753786,
        "wilcoxon_p": 0.0010607628055043828,
        "cohens_d": -0.3796471732043673,
        "ours_wins": true
      },
      "necessity": {
        "ours_mean": 0.10973033662885427,
        "saliency_mean": 0.0130861996114254,
        "ttest_p": 2.7527721341816397e-05,
        "wilcoxon_p": 3.675550813851074e-05,
        "cohens_d": 0.4398169867614291,
        "ours_wins": true
      },
      "fidelity_plus_continuous": {
        "ours_mean": 0.9015588566660881,
        "saliency_mean": 1.0351903492212295,
        "ttest_p": 0.12336902951474317,
        "wilcoxon_p": 0.12812251267418584,
        "cohens_d": -0.15540272335259106,
        "ours_wins": false
      },
      "num_components": {
        "ours_mean": 39.42,
        "saliency_mean": 2235.26,
        "ttest_p": 5.205983043170507e-113,
        "wilcoxon_p": 3.8868994287609845e-18,
        "cohens_d": -13.17318285582618,
        "ours_wins": true
      },
      "target_connectivity": {
        "ours_target_connected": 33,
        "saliency_target_connected": 55,
        "ours_pct": 0.33,
        "saliency_pct": 0.55
      }
    },
    "50": {
      "n": 100,
      "budget": 50,
      "sufficiency": {
        "ours_mean": 0.17403895020484925,
        "saliency_mean": 0.19309976890683175,
        "ttest_p": 0.002643166462486665,
        "wilcoxon_p": 0.006146170191901952,
        "cohens_d": -0.3084474541637884,
        "ours_wins": true
      },
      "necessity": {
        "ours_mean": 0.06864009279757738,
        "saliency_mean": -0.04643577381968498,
        "ttest_p": 3.07551996589643e-08,
        "wilcoxon_p": 4.677133142194732e-07,
        "cohens_d": 0.6011940465555551,
        "ours_wins": true
      },
      "fidelity_plus_continuous": {
        "ours_mean": 0.9603351631760597,
        "saliency_mean": 0.893875427171588,
        "ttest_p": 0.469069112211753,
        "wilcoxon_p": 0.8195119742351972,
        "cohens_d": 0.07267909059881666,
        "ours_wins": true
      },
      "num_components": {
        "ours_mean": 31.25,
        "saliency_mean": 2217.71,
        "ttest_p": 4.965277390795562e-113,
        "wilcoxon_p": 3.876824179695748e-18,
        "cohens_d": -13.179519035052424,
        "ours_wins": true
      },
      "target_connectivity": {
        "ours_target_connected": 52,
        "saliency_target_connected": 66,
        "ours_pct": 0.52,
        "saliency_pct": 0.66
      }
    },
    "100": {
      "n": 100,
      "budget": 100,
      "sufficiency": {
        "ours_mean": 0.1724078632891178,
        "saliency_mean": 0.18994529217481612,
        "ttest_p": 0.006144198411914522,
        "wilcoxon_p": 0.010947747830561556,
        "cohens_d": -0.2800047296878565,
        "ours_wins": true
      },
      "necessity": {
        "ours_mean": 0.03753479838371277,
        "saliency_mean": -0.052611514031887054,
        "ttest_p": 2.4142113938357035e-07,
        "wilcoxon_p": 1.229671314152364e-06,
        "cohens_d": 0.5547966486406608,
        "ours_wins": true
      },
      "fidelity_plus_continuous": {
        "ours_mean": 0.9438530502468347,
        "saliency_mean": 0.917804444655776,
        "ttest_p": 0.7461588158959798,
        "wilcoxon_p": 0.9005544607460252,
        "cohens_d": 0.03246131128269404,
        "ours_wins": true
      },
      "num_components": {
        "ours_mean": 23.37,
        "saliency_mean": 2188.24,
        "ttest_p": 8.037268741568525e-114,
        "wilcoxon_p": 3.8895318337748005e-18,
        "cohens_d": -13.425548764258854,
        "ours_wins": true
      },
      "target_connectivity": {
        "ours_target_connected": 57,
        "saliency_target_connected": 71,
        "ours_pct": 0.57,
        "saliency_pct": 0.71
      }
    },
    "200": {
      "n": 100,
      "budget": 200,
      "sufficiency": {
        "ours_mean": 0.170804236382246,
        "saliency_mean": 0.18843466252088548,
        "ttest_p": 0.005367414090515801,
        "wilcoxon_p": 0.009623817892484059,
        "cohens_d": -0.2846925745121005,
        "ours_wins": true
      },
      "necessity": {
        "ours_mean": 0.027875527441501617,
        "saliency_mean": -0.029465003013610838,
        "ttest_p": 0.002852329840464417,
        "wilcoxon_p": 0.0006655743127055788,
        "cohens_d": 0.30595444418593076,
        "ours_wins": true
      },
      "fidelity_plus_continuous": {
        "ours_mean": 1.0030851607769729,
        "saliency_mean": 1.0611489971727133,
        "ttest_p": 0.5209413194342009,
        "wilcoxon_p": 0.7538138866701574,
        "cohens_d": -0.0644191003891087,
        "ours_wins": false
      },
      "num_components": {
        "ours_mean": 12.89,
        "saliency_mean": 2125.0,
        "ttest_p": 2.587947255430106e-117,
        "wilcoxon_p": 3.8899707322140255e-18,
        "cohens_d": -14.567441912959726,
        "ours_wins": true
      },
      "target_connectivity": {
        "ours_target_connected": 64,
        "saliency_target_connected": 81,
        "ours_pct": 0.64,