{
  "dataset": "PubMed",
  "num_test_edges": 100,
  "seed": 42,
  "budgets": [
    50,
    100,
    200
  ],
  "methods": [
    "CoarsenExplainer",
    "SaliencyExplainer"
  ],
  "results": {
    "50": {
      "n": 100,
      "budget": 50,
      "sufficiency": {
        "ours_mean": 0.16715987376868724,
        "saliency_mean": 0.13325229831039906,
        "ttest_p": 7.237877073014135e-05,
        "wilcoxon_p": 6.751476907234167e-07,
        "cohens_d": 0.4142642393419678,
        "ours_wins": false
      },
      "necessity": {
        "ours_mean": 0.25552301160641944,
        "saliency_mean": 0.2851843660138547,
        "ttest_p": 0.2027131516716291,
        "wilcoxon_p": 0.12573078557332165,
        "cohens_d": -0.12823537778814506,
        "ours_wins": false
      },
      "fidelity_plus_continuous": {
        "ours_mean": 1.6810078086704017,
        "saliency_mean": 1.7050433424115181,
        "ttest_p": 0.8864078013091398,
        "wilcoxon_p": 0.2572829828435548,
        "cohens_d": -0.014321966772031892,
        "ours_wins": false
      },
      "num_components": {
        "ours_mean": 157.9,
        "saliency_mean": 14723.83,
        "ttest_p": 1.3913372297691755e-125,
        "wilcoxon_p": 3.896559845095909e-18,
        "cohens_d": -17.66989086607191,
        "ours_wins": true
      },
      "target_connectivity": {
        "ours_target_connected": 17,
        "saliency_target_connected": 46,
        "ours_pct": 0.17,
        "saliency_pct": 0.46
      }
    },
    "100": {
      "n": 100,
      "budget": 100,
      "sufficiency": {
        "ours_mean": 0.16536881208419799,
        "saliency_mean": 0.13204491205513477,
        "ttest_p": 6.426014375537923e-05,
        "wilcoxon_p": 6.63280524876633e-07,
        "cohens_d": 0.4174597650847481,
        "ours_wins": false
      },
      "necessity": {
        "ours_mean": 0.29174038062104957,
        "saliency_mean": 0.24883644986897707,
        "ttest_p": 0.10506222580978568,
        "wilcoxon_p": 0.11569326625477486,
        "cohens_d": 0.16357749321102616,
        "ours_wins": true
      },
      "fidelity_plus_continuous": {
        "ours_mean": 1.9005987660586834,
        "saliency_mean": 1.4912316084653139,
        "ttest_p": 0.018871443262927612,
        "wilcoxon_p": 0.04528372179608691,
        "cohens_d": 0.23872958293886096,
        "ours_wins": true
      },
      "num_components": {
        "ours_mean": 139.7,
        "saliency_mean": 14690.08,
        "ttest_p": 1.152584496237e-125,
        "wilcoxon_p": 3.896340037647931e-18,
        "cohens_d": -17.70362940228119,
        "ours_wins": true
      },
      "target_connectivity": {
        "ours_target_connected": 37,
        "saliency_target_connected": 55,
        "ours_pct": 0.37,
        "saliency_pct": 0.55
      }
    },
    "200": {
      "n": 100,
      "budget": 200,
      "sufficiency": {
        "ours_mean": 0.16479418382048608,
        "saliency_mean": 0.13224633693695068,
        "ttest_p": 5.524141360872482e-05,
        "wilcoxon_p": 6.288728332167441e-07,
        "cohens_d": 0.42150016509941607,
        "ours_wins": false
      },
      "necessity": {
        "ours_mean": 0.29755799076519907,
        "saliency_mean": 0.20162862649187446,
        "ttest_p": 6.0725966190369775e-05,
        "wilcoxon_p": 0.00016078491428364255,
        "cohens_d": 0.4189739043842253,
        "ours_wins": true
      },
      "fidelity_plus_continuous": {
        "ours_mean": 1.7281479106843471,
        "saliency_mean": 1.2327539745718241,
        "ttest_p": 0.0006227738871957451,
        "wilcoxon_p": 0.004278332855026823,
        "cohens_d": 0.35345390719137093,
        "ours_wins": true
      },
      "num_components": {
        "ours_mean": 111.94,
        "saliency_mean": 14629.08,
        "ttest_p": 4.695055832353026e-126,
        "wilcoxon_p": 3.895460925389839e-18,
        "cohens_d": -17.86546138047185,
        "ours_wins": true
      },
      "target_connectivity": {
        "ours_target_connected": 49,
        "saliency_target_connected": 63,
        "ours_pct": 0.49,
        "saliency_pct": 0.63
      }
    }
  }
}