{
  "dataset": "Cora",
  "size_fractions": [
    0.05,
    0.1,
    0.2,
    0.3,
    0.5
  ],
  "results": {
    "Ours": {
      "0.05": {
        "sufficiency": 0.64,
        "necessity": 0.36,
        "sparsity": 0.99873440285205,
        "num_edges": 11.36,
        "num_samples": 50
      },
      "0.1": {
        "sufficiency": 0.62,
        "necessity": 0.38,
        "sparsity": 0.9974108734402853,
        "num_edges": 23.24,
        "num_samples": 50
      },
      "0.2": {
        "sufficiency": 0.62,
        "necessity": 0.38,
        "sparsity": 0.9947838680926917,
        "num_edges": 46.82,
        "num_samples": 50
      },
      "0.3": {
        "sufficiency": 0.64,
        "necessity": 0.36,
        "sparsity": 0.9921501782531195,
        "num_edges": 70.46,
        "num_samples": 50
      },
      "0.5": {
        "sufficiency": 0.66,
        "necessity": 0.34,
        "sparsity": 0.9868538324420676,
        "num_edges": 118.0,
        "num_samples": 50
      }
    },
    "Random": {
      "0.05": {
        "sufficiency": 0.66,
        "necessity": 0.06,
        "sparsity": 0.99873440285205,
        "num_edges": 11.36,
        "num_samples": 50
      },
      "0.1": {
        "sufficiency": 0.68,
        "necessity": 0.08,
        "sparsity": 0.9974108734402853,
        "num_edges": 23.24,
        "num_samples": 50
      },
      "0.2": {
        "sufficiency": 0.68,
        "necessity": 0.12,
        "sparsity": 0.9947838680926917,
        "num_edges": 46.82,
        "num_samples": 50
      },
      "0.3": {
        "sufficiency": 0.66,
        "necessity": 0.2,
        "sparsity": 0.9921501782531195,
        "num_edges": 70.46,
        "num_samples": 50
      },
      "0.5": {
        "sufficiency": 0.74,
        "necessity": 0.26,
        "sparsity": 0.9868538324420676,
        "num_edges": 118.0,
        "num_samples": 50
      }
    },
    "Degree": {
      "0.05": {
        "sufficiency": 0.62,
        "necessity": 0.02,
        "sparsity": 0.99873440285205,
        "num_edges": 11.36,
        "num_samples": 50
      },
      "0.1": {
        "sufficiency": 0.62,
        "necessity": 0.04,
        "sparsity": 0.9974108734402853,
        "num_edges": 23.24,
        "num_samples": 50
      },
      "0.2": {
        "sufficiency": 0.64,
        "necessity": 0.12,
        "sparsity": 0.9947838680926917,
        "num_edges": 46.82,
        "num_samples": 50
      },
      "0.3": {
        "sufficiency": 0.7,
        "necessity": 0.22,
        "sparsity": 0.9921501782531195,
        "num_edges": 70.46,
        "num_samples": 50
      },
      "0.5": {
        "sufficiency": 0.8,
        "necessity": 0.26,
        "sparsity": 0.9868538324420676,
        "num_edges": 118.0,
        "num_samples": 50
      }
    },
    "KHop": {
      "0.05": {
        "sufficiency": 0.94,
        "necessity": 0.36,
        "sparsity": 0.9737076648841356,
        "num_edges": 236.0,
        "num_samples": 50
      },
      "0.1": {
        "sufficiency": 0.94,
        "necessity": 0.36,
        "sparsity": 0.9737076648841356,
        "num_edges": 236.0,
        "num_samples": 50
      },
      "0.2": {
        "sufficiency": 0.94,
        "necessity": 0.36,
        "sparsity": 0.9737076648841356,
        "num_edges": 236.0,
        "num_samples": 50
      },
      "0.3": {
        "sufficiency": 0.94,
        "necessity": 0.36,
        "sparsity": 0.9737076648841356,
        "num_edges": 236.0,
        "num_samples": 50
      },
      "0.5": {
        "sufficiency": 0.94,
        "necessity": 0.36,
        "sparsity": 0.9737076648841356,
        "num_edges": 236.0,
        "num_samples": 50
      }
    }
  }
}